"day","total_score","avg_score","word_count"
2026-01-17,1,1,1
2026-01-18,-92,-0.345864661654135,266
2026-01-19,-275,-0.334143377885784,823
2026-01-20,-116,-0.568627450980392,204
2026-01-21,-62,-0.35632183908046,174
2026-01-22,-77,-0.227138643067847,339
2026-01-23,-54,-0.380281690140846,142
2026-01-24,-10,-0.0434782608695652,230
2026-01-25,-113,-0.225548902195609,501
2026-01-26,-69,-0.16546762589928,417
2026-01-27,-117,-0.270207852193994,433
2026-01-28,-125,-0.190258751902588,657
2026-01-29,-55,-0.27363184079602,201
2026-01-30,-47,-0.315436241610738,149
2026-01-31,-108,-0.215139442231075,502
2026-02-01,-132,-0.338461538461539,390
2026-02-02,-59,-0.116370808678501,507
2026-02-03,19,0.026063100137174,729
2026-02-04,-213,-0.312775330396475,681
2026-02-05,-111,-0.312676056338029,355
2026-02-06,-39,-0.146067415730337,267
2026-02-07,-31,-0.116981132075472,265
2026-02-08,-74,-0.316239316239316,234
2026-02-09,-9,-0.147540983606557,61
2026-02-10,-1,-0.00135317997293626,739
2026-02-11,-20,-0.0813008130081297,246
2026-02-12,-193,-0.326565143824027,591
2026-02-13,-51,-0.115646258503401,441
2026-02-14,-39,-0.236363636363637,165
2026-02-15,-21,-0.259259259259259,81
